rodovia_padrao;total;gravissimas;% do total;% gravíssimas
DF-075;19713;1133;24.3;5.7
DF-001;14808;3427;18.3;23.1
DF-003;8206;2009;10.1;24.5
DF-085;5361;549;6.6;10.2
DF-002;3405;92;4.2;2.7
DF-005;2996;74;3.7;2.5
DF-079;2730;61;3.4;2.2
DF-025;2634;394;3.2;15.0
DF-150;2596;74;3.2;2.9
DF-004;2316;529;2.9;22.8
DF-290;2102;148;2.6;7.0
DF-128;2056;408;2.5;19.8
DF-095;1599;661;2.0;41.3
DF-035;1466;135;1.8;9.2
OUTRAS VIAS;954;35;1.2;3.7
DF-087;738;10;0.9;1.4
BR-020;692;425;0.9;61.4
DF-007;625;48;0.8;7.7
DF-250;608;19;0.8;3.1
DF-051;529;13;0.7;2.5
DF-463;504;167;0.6;33.1
DF-480;493;140;0.6;28.4
DF-483;404;90;0.5;22.3
DF-180;390;110;0.5;28.2
DF-065;317;72;0.4;22.7
DF-055;314;1;0.4;0.3
DF-010;259;7;0.3;2.7
DF-130;248;53;0.3;21.4
DF-009;221;33;0.3;14.9
DF-027;208;159;0.3;76.4
DF-459;199;62;0.2;31.2
DF-280;184;44;0.2;23.9
NÃO INFORMADA;164;109;0.2;66.5
DF-140;158;9;0.2;5.7
DF-011;136;10;0.2;7.4
BR-070;131;70;0.2;53.4
DF-015;129;43;0.2;33.3
DF-230;124;18;0.2;14.5
DF-006;62;26;0.1;41.9
DF-473;53;50;0.1;94.3
BR-001;44;28;0.1;63.6
DF-047;37;36;0.0;97.3
DF-440;22;7;0.0;31.8
DF-475;21;1;0.0;4.8
DF-495;20;18;0.0;90.0
DF-100;19;9;0.0;47.4
DF-345;15;2;0.0;13.3
BR-128;11;3;0.0;27.3
DF-465;8;7;0.0;87.5
BR-251;4;4;0.0;100.0
DF-205;3;3;0.0;100.0
DF-190;2;2;0.0;100.0
BR-095;2;1;0.0;50.0
BR-080;2;2;0.0;100.0
BR-075;2;1;0.0;50.0
BR-060;2;2;0.0;100.0
BR-004;2;1;0.0;50.0
DF-363;1;0;0.0;0.0
DF-068;1;0;0.0;0.0
BR-003;1;1;0.0;100.0
DF-464;1;0;0.0;0.0
DF-322;1;1;0.0;100.0
DF-299;1;1;0.0;100.0
DF-173;1;1;0.0;100.0
BR-079;1;0;0.0;0.0
BR-005;1;0;0.0;0.0
DF-070;1;1;0.0;100.0
BR-025;1;0;0.0;0.0
